cost_kWh,base_fade,cost_BDT_yr,SoH_loss_final_pct
26629.97806613725,8.887695482371768e-07,33226.98244230682,1.97826055071659e-07
23413.2330216197,9.509844563395095e-07,31258.32722510912,2.1167411035318984e-07
27442.54003114927,8.002371795847495e-07,30830.030810654625,1.7812014900028362e-07
25894.733078969894,6.860472008164002e-07,24939.995029905203,1.527032644172513e-07
20104.102539721436,6.444596120666245e-07,18189.10472484436,1.434465244235956e-07
28565.974575712855,7.134899295996337e-07,28613.291565119864,1.5881158213173178e-07
26506.941139107388,6.821831096916867e-07,25385.83794521562,1.5184317880208123e-07
26746.217330658757,8.568507755561144e-07,32173.513505801104,1.9072144072618767e-07
20429.89087368524,6.7898640148113e-07,19474.129358882707,1.511316420760945e-07
23523.705003797444,8.020255781186025e-07,26486.518145917493,1.7851821824956297e-07
22759.66103263278,8.621639794057236e-07,27547.77906599368,1.9190407593173106e-07
28096.943892946576,8.259573149506887e-07,32579.740081647567,1.8384504464443004e-07
25381.10515277438,7.039282085312184e-07,25082.442459648744,1.566832941380542e-07
27098.511487399966,8.97319848378324e-07,34136.865213665005,1.997292167517108e-07
23456.77630874238,8.689302814770565e-07,28614.369819635624,1.9341014783625317e-07
21381.491729133857,8.764748812529733e-07,26309.24607094364,1.9508945650937832e-07
24524.013955352013,6.819384804983402e-07,23478.35577596316,1.5178872820983174e-07
19812.645658600082,6.796012171681103e-07,18902.8612977329,1.5126849033129513e-07
27145.259251128788,9.368200163220824e-07,35701.057650900046,2.0852132986413687e-07
25263.978231571822,7.67225022023981e-07,27211.684313185597,1.7077216446075533e-07
26477.642304819587,7.363035813699007e-07,27369.51811027798,1.6388954046237273e-07
22603.449294046735,7.963468945124907e-07,25270.15674160221,1.7725423302636838e-07
28518.70103419107,8.521165480843463e-07,34116.12264795771,1.8966767651204565e-07
27773.962764693097,9.457994422550303e-07,36878.03988715728,2.105200081634178e-07
26672.481571908116,7.316627926022576e-07,27397.145822708295,1.6285657422703678e-07
21068.53159537889,9.359386973798486e-07,27682.96470749794,2.0832516219620998e-07
23680.52163577953,6.47955037243602e-07,21541.059606936124,1.4422455082529958e-07
19620.516151557396,8.176633735445839e-07,22522.463908637415,1.8199894436723293e-07
20681.17912384846,8.428720357379472e-07,24471.91010758318,1.8760999416663018e-07
25757.269951127564,6.738871692002411e-07,24367.891056147473,1.499966335600811e-07
26349.716696715044,6.84908671060452e-07,25336.087012951633,1.5244984568722402e-07
28488.093431368416,7.741165821812172e-07,30959.98080165072,1.7230611683558567e-07
22327.923438126258,9.491942118858181e-07,29753.245297618374,2.1127563023132967e-07
22756.41317793474,8.307336170349992e-07,26539.731384738756,1.8490817400236515e-07
23707.735788247755,9.385674309120675e-07,31238.23484445717,2.0891027673523268e-07
21018.925047209144,8.973954929961506e-07,26480.447053471908,1.9974605404812993e-07
20447.246451220526,7.895621124976933e-07,22664.808770122338,1.7574404777849258e-07
23766.767291768963,8.911243037607e-07,29733.040984414816,1.9835018643597073e-07
21378.329750888486,6.45707770872636e-07,19379.417177852665,1.4372434484755824e-07
25630.2143489521,6.749260789650352e-07,24285.07085728316,1.502278784545002e-07
23396.658421174376,9.054171567624756e-07,29739.48760118316,2.0153154962586517e-07
27193.71068215524,8.949814682640517e-07,34167.51885201304,1.9920873029469544e-07
25922.54497922159,7.144450374292588e-07,26000.24185867382,1.5902417403981156e-07
22198.719757267594,8.09846268991697e-07,25238.37805376688,1.8025898043749737e-07
27189.69409339393,8.339250626240035e-07,31831.87897055029,1.856185393519675e-07
26925.737831969298,9.176764652083235e-07,34688.708749742524,2.042602779363243e-07
22919.792438689674,8.329942903483922e-07,26803.01393557374,1.85411364153605e-07
21967.949797730344,7.720229021675777e-07,23809.51991520089,1.718400967536634e-07
25751.956838159764,7.597388938902984e-07,27466.63922813468,1.691058706510899e-07
20541.623842649373,7.762822676395231e-07,22386.456997894762,1.72788164191497e-07
21119.11874376104,8.486179281855917e-07,25160.479983592395,1.8888893901576305e-07
19270.677789609654,9.175970021607438e-07,24824.465317544942,2.042425907177896e-07
26754.47402402053,7.852470022644159e-07,29493.997002608132,1.747835724377914e-07
25582.56822328351,7.193086601444346e-07,25833.922787442465,1.601067395901376e-07
25969.587634812815,7.15731956159226e-07,26094.34433613878,1.5931062181027399e-07
26694.998697810894,8.787245696779027e-07,32931.658332151106,1.955902015980531e-07
23605.591445168066,9.013020042956513e-07,29868.688272260242,2.006155817237855e-07
24659.91548114778,6.7368898555332e-07,23322.86819317375,1.4995252101242735e-07
20542.051182025512,6.61298834225657e-07,19070.957190969624,1.4719466914435398e-07
20299.488705945347,8.302187724020645e-07,23659.66415583323,1.8479357772382479e-07
25616.668433188526,6.867754381416635e-07,24698.372077351687,1.52865358536586e-07
23722.523578974073,9.038925409460292e-07,30102.919465516843,2.0119219424058397e-07
24626.266622219413,7.393070956557038e-07,25559.619177644887,1.6455807527400086e-07
26543.989031193843,6.860390185507657e-07,25565.008024900846,1.5270144317423603e-07
25293.29587200567,9.34710551195984e-07,33190.4772023967,2.0805179626565284e-07
24514.36224631676,6.92970151275289e-07,23848.773828117075,1.542442037771277e-07
24568.38874315597,7.311104263481393e-07,25216.83518337346,1.6273362622862258e-07
22117.920941401077,6.891562864614587e-07,21398.973982819174,1.533952977449703e-07
19495.85121185222,6.769568203729136e-07,18528.236992634374,1.5067988939748108e-07
23392.486936630678,6.467673652276608e-07,21240.044429803547,1.4396019380485712e-07
21260.01285906748,6.577265309325632e-07,19630.881910895547,1.4639953088900645e-07
23121.874979756507,6.958852706994728e-07,22588.71989098393,1.5489306328957777e-07
27392.669503374396,6.570822184406961e-07,25268.822204356016,1.4625611711121395e-07
21445.81906430727,8.291660211555107e-07,24964.051013982484,1.8455925193432148e-07
19759.706320215035,8.57828648575842e-07,23796.43826828315,1.9093909980579666e-07
21901.285363411167,7.65961746186249e-07,23550.90559908935,1.7049097922444615e-07
22018.500074560165,7.417571510246558e-07,22928.751110895853,1.6510341887775986e-07
25554.398541378192,8.014483958471136e-07,28752.271112921626,1.7838974659788202e-07
24547.50866247627,9.200015815150746e-07,31704.93908301879,2.0477781207941055e-07
26725.42280742157,9.123621205831059e-07,34231.2499647484,2.0307738881215937e-07
25577.40998714292,6.539120198440934e-07,23480.47144825647,1.455504810063269e-07
23101.313869824677,6.980794910708877e-07,22639.794840538536,1.5538146206617296e-07
27014.595692793933,7.157583587534067e-07,27145.373891805077,1.5931649861046453e-07
20802.940031113958,7.198040242663078e-07,21021.800715807865,1.6021699981479155e-07
19418.03590208506,8.227944485576872e-07,22429.91251911536,1.831410405721861e-07
20064.45946344616,7.732039762250215e-07,21779.72893235071,1.721029851728189e-07
26134.649765725924,6.5576131837683e-07,24059.87722490404,1.4596210563287623e-07
23634.02141041332,7.595565243070629e-07,25201.631114892123,1.6906527806408187e-07
20748.20907872258,8.076009435896438e-07,23523.847787860894,1.7975920648875958e-07
24010.02984099229,6.725350089291891e-07,22669.321595272446,1.4969566405366935e-07
20662.196186046418,9.06706737212339e-07,26301.120484620067,2.0181858985310827e-07
25884.675600746268,6.566277972688334e-07,23861.234986667332,1.4615497014015748e-07
23483.100245510694,9.359493980857797e-07,30855.936249958737,2.083275440042338e-07
22857.803770526232,6.717162053055601e-07,21555.160112574216,1.4951341130765434e-07
22094.516055819615,9.099439845112808e-07,28224.748384102324,2.0253914993948018e-07
25250.71289394133,9.288490060568374e-07,32926.81259185187,2.0674710895519822e-07
22673.401061312547,9.534626177877096e-07,30349.480937229237,2.1222570992599388e-07
20041.43922543457,8.966482816875499e-07,25227.949550380978,1.9957973661997368e-07
20332.85666035695,8.894328130468252e-07,25388.817493242255,1.9797368733586055e-07
28434.21757967534,8.455946483185752e-07,33754.71420502631,1.8821600469813756e-07
27922.374630793027,8.892788334650013e-07,34859.50631495544,1.9793941391448387e-07
25917.188484583196,6.83056706692207e-07,24852.814269810773,1.5203762768782246e-07
21752.351630011388,8.115417715032439e-07,24782.665832746156,1.8063637250036473e-07
28504.093222538148,8.045513184609326e-07,32195.25785817411,1.7908040813224944e-07
26676.00867807163,9.144230861192184e-07,34245.14104302958,2.035361271684152e-07
26082.145815926357,7.88095796989925e-07,28857.138053974686,1.754176691205295e-07
23513.870420580373,7.63228638752113e-07,25194.729843474328,1.6988263270441158e-07
21813.518993713526,8.446602467958752e-07,25866.562316988973,1.880080216867314e-07
20125.353236673593,7.252682616002707e-07,20491.46986605272,1.6143325268697511e-07
27864.98300682088,6.847258915052662e-07,26785.913367852965,1.524091618469395e-07
23575.452382402666,7.929207276875987e-07,26243.43825932448,1.7649162243925905e-07
21142.68830203421,7.734045979503632e-07,22956.08816818024,1.7214764039819806e-07
22137.183591846264,7.144223809692395e-07,22202.830601425434,1.5901913106988083e-07
24760.5078618422,7.576037792368409e-07,26334.956655276717,1.6863062787318596e-07
20897.018716216626,7.572455839443992e-07,22215.29108938224,1.685508992621097e-07
27423.497127286806,7.447985806120145e-07,28674.28543535633,1.6578039303629082e-07
26481.787486418016,7.614285055126172e-07,28307.880572506067,1.6948195149511685e-07
26106.844377128993,8.594378705459025e-07,31499.21960276284,1.9129728718373217e-07
23348.093181840995,7.350004718628113e-07,24091.839598609364,1.6359948888080638e-07
25222.164870743454,9.436345365489089e-07,33413.12649976333,2.1003813436801877e-07
24807.340501562263,9.332313662522168e-07,32501.27977259841,2.0772255307462882e-07
25438.52737492627,7.938913370560251e-07,28352.016747846155,1.7670766474488522e-07
20010.665482942935,7.450755856015004e-07,20931.13563555377,1.6584204996908473e-07
23191.75106083785,8.11339132745601e-07,26415.989992478175,1.805912683154741e-07
19599.49606907417,9.115393564075598e-07,25081.37010637085,2.028942545098815e-07
23942.311864747382,8.488279489792325e-07,28530.979494876894,1.8893568632519873e-07
22366.667638394738,8.974053849430647e-07,28178.69541365266,1.99748255839178e-07
20587.43221311405,8.104711283410368e-07,23424.517707914314,1.8039806425320567e-07
20192.668490136497,8.425336413656386e-07,23884.265672690188,1.8753467292743524e-07
24841.387892906037,7.322097965383877e-07,25535.379622856683,1.6297832865821458e-07
20837.692497954107,8.75165811939293e-07,25601.82330003951,1.9479807836905584e-07
28081.153136417255,7.047694698002298e-07,27783.883387633326,1.5687054560100425e-07
24778.186941123793,8.623354012219194e-07,29996.920205975523,1.9194223171881678e-07
22529.950123534436,9.15430101864286e-07,28954.51846076012,2.0376027295810528e-07
24872.7887182216,6.82272907936494e-07,23823.937133845466,1.5186316647217897e-07
19418.917161885096,8.366015169734142e-07,22807.337227513246,1.862142757907024e-07
28402.168447117874,6.704306394335791e-07,26732.29714028264,1.4922726466199904e-07
23830.11299465184,8.722290010468565e-07,29180.152108960003,1.9414439067859106e-07
26714.25818160275,6.670378300235265e-07,25016.382641329626,1.4847207890824333e-07
19994.20799925541,9.395007432642003e-07,26371.343821608356,2.0911801731448376e-07
23871.919976046338,6.839705376120967e-07,22922.16697624477,1.5224103200814716e-07
23910.7871458034,9.468416786909057e-07,31783.53273489891,2.1075199352224275e-07
28203.133967759837,8.962829363472309e-07,35487.338235364354,1.994984165212404e-07
24688.589302810324,8.299782414292333e-07,28766.956031472695,1.8474003933069303e-07
23745.498250146757,8.904397134814549e-07,29683.611249273716,1.9819780745927e-07
21762.96636568218,8.944367484745874e-07,27327.421298751524,1.9908748427846637e-07
22383.0623744885,9.427286601015456e-07,29623.55277196777,2.0983650058756472e-07
24198.455063726764,7.210826732285399e-07,24496.476819419215,1.6050160686565422e-07
23413.55001892845,8.288242865146589e-07,27243.359612494267,1.8448318720413832e-07
19407.475966851172,6.704157432206084e-07,18266.030918064444,1.4922394900041506e-07
27132.402472265836,8.371730240077188e-07,31888.52295115099,1.8634148422427865e-07
27803.14340966176,6.948132173096924e-07,27120.20065210017,1.5465444114804772e-07
20546.391254386665,8.207841956711814e-07,23675.29867596091,1.8269359005025627e-07
24518.746977974875,8.231777644908319e-07,28334.97475195559,1.8322636064087e-07
20242.327114900258,7.891152489539927e-07,22424.966440593373,1.7564458301602282e-07
25653.50489318219,8.072421681641993e-07,29072.43954613475,1.7967934874924402e-07
21899.84432485448,8.844554848021081e-07,27192.42468646562,1.9686581273169378e-07
25530.45729304226,8.957583092838613e-07,32105.56865116294,1.9938164282828951e-07
26179.14829715407,7.974890289841373e-07,29309.6854530046,1.7750845410913962e-07
26579.015922409508,8.318699012872359e-07,31040.25178984524,1.8516109291875535e-07
20234.313081176606,9.379955954208325e-07,26645.27407124234,2.0878299519233287e-07
27993.713713321034,6.783147483203594e-07,26657.70170086089,1.5098214269750472e-07
21410.054312590855,6.774731410880354e-07,20362.953906125327,1.5079481422858733e-07
19559.160539291326,6.680668838114459e-07,18344.29740746813,1.4870113001797634e-07
24526.583706158242,8.505162512129689e-07,29285.362440477445,1.8931147572002191e-07
22760.853925079413,7.739546562529215e-07,24730.61953564014,1.722700746830696e-07
27165.981534071165,8.877828531653898e-07,33858.13880320389,1.9760643234268696e-07
26959.214131817298,8.547940522587496e-07,32351.889242895613,1.9026364662523232e-07
22244.533371098067,7.467640826650362e-07,23320.48876985716,1.6621788272994124e-07
28347.83419266955,9.274772951556914e-07,36910.854373532275,2.064417877875125e-07
21992.81124614514,8.840102870626087e-07,27294.11348537273,1.9676671875091338e-07
24144.548440624458,7.265711810912562e-07,24627.945429003772,1.6172326197396006e-07
21657.264869448987,7.565414456870573e-07,23002.0879797312,1.6839416921442623e-07
28186.01827247005,7.406207936653641e-07,29306.270743495963,1.648504836888948e-07
20780.235048787374,6.904357275599998e-07,20142.094968500183,1.536800811128562e-07
19631.141946166357,6.872906792135014e-07,18941.61236821587,1.5298004305616105e-07
23376.931776029163,9.39560788280238e-07,30834.955087496564,2.0913138238608593e-07
28726.805414936036,7.80129291903601e-07,31461.89263946965,1.7364445099321848e-07
27760.101756047174,7.626623432887711e-07,29722.42804935604,1.6975658428416608e-07
26386.63698678671,8.734994267767609e-07,32357.69624936462,1.9442716736789843e-07
27751.60791243384,8.16957780880928e-07,31828.684668382713,1.8184189059168972e-07
27777.087741099487,9.395647957883079e-07,36639.06428849089,2.0913227439404636e-07
24181.04025970991,8.896964780510054e-07,30202.83977279093,1.980323749987548e-07
22232.91889757561,7.933982605198529e-07,24763.87795163052,1.7659791370065367e-07
26611.319348265486,7.604350315138644e-07,28409.22913270595,1.6926081988413842e-07
25551.948126410505,9.55722094375783e-07,34283.611927934835,2.1272863370508917e-07
22787.114197187617,8.696832755211658e-07,27821.553370382804,1.9357775240994014e-07
20106.880013390546,9.44382291201229e-07,26657.74738876083,2.1020457273589903e-07
26369.18026895065,6.779131447094532e-07,25095.83275054723,1.508927520807736e-07
21719.6209528595,9.121707773410503e-07,27813.735726155715,2.0303479883052097e-07
28193.40624512428,8.438636428771864e-07,33400.3296012531,1.8783071024418564e-07
21513.317520054574,6.79014937067236e-07,20507.732427431645,1.5113799364657716e-07
20378.476151150266,8.282425599901506e-07,23695.188942031804,1.8435370407355417e-07
27178.6816523991,8.595508368337436e-07,32796.755441586705,1.9132243169405408e-07
20671.529439595142,6.439368594843529e-07,18687.31140270369,1.433301679605115e-07
20920.975758314296,7.853817477893589e-07,23067.135542185533,1.7481356466208696e-07
24954.074798600097,9.041278435828227e-07,31673.951235208264,2.0124456888874558e-07
27595.79559203966,7.345148881101087e-07,28456.039147953576,1.6349140561175904e-07
21085.772790859904,7.867353861755363e-07,23288.908480199556,1.751148631735642e-07
22179.10725984091,7.815405206617257e-07,24334.72755105172,1.739585682113181e-07
